state,street_count,president_surname
illinois,367,Adams
texas,277,Adams
pennsylvania,240,Adams
michigan,231,Adams
georgia,223,Adams
california,221,Adams
new-york,201,Adams
massachusetts,200,Adams
indiana,186,Adams
ohio,183,Adams
florida,181,Adams
kentucky,172,Adams
north-carolina,164,Adams
iowa,160,Adams
wisconsin,149,Adams
missouri,147,Adams
new-jersey,145,Adams
alabama,143,Adams
tennessee,142,Adams
mississippi,131,Adams
washington,115,Adams
arkansas,114,Adams
virginia,113,Adams
south-carolina,107,Adams
kansas,101,Adams
louisiana,97,Adams
oklahoma,94,Adams
colorado,89,Adams
oregon,86,Adams
minnesota,76,Adams
nebraska,71,Adams
maine,66,Adams
maryland,57,Adams
arizona,57,Adams
idaho,51,Adams
new-hampshire,49,Adams
west-virginia,48,Adams
connecticut,41,Adams
vermont,40,Adams
new-mexico,34,Adams
montana,33,Adams
utah,31,Adams
south-dakota,25,Adams
nevada,24,Adams
wyoming,22,Adams
delaware,19,Adams
rhode-island,18,Adams
north-dakota,12,Adams
alaska,11,Adams
district-of-columbia,3,Adams
hawaii,1,Adams
texas,141,Arthur
north-carolina,122,Arthur
california,117,Arthur
new-york,113,Arthur
illinois,106,Arthur
michigan,98,Arthur
florida,97,Arthur
georgia,89,Arthur
massachusetts,87,Arthur
louisiana,80,Arthur
ohio,73,Arthur
pennsylvania,72,Arthur
indiana,70,Arthur
new-jersey,67,Arthur
wisconsin,67,Arthur
kentucky,56,Arthur
south-carolina,53,Arthur
tennessee,52,Arthur
virginia,52,Arthur
missouri,51,Arthur
alabama,37,Arthur
arkansas,37,Arthur
iowa,35,Arthur
mississippi,34,Arthur
minnesota,33,Arthur
oregon,33,Arthur
maryland,31,Arthur
washington,31,Arthur
connecticut,22,Arthur
kansas,20,Arthur
colorado,20,Arthur
nebraska,18,Arthur
oklahoma,16,Arthur
idaho,15,Arthur
west-virginia,15,Arthur
new-hampshire,14,Arthur
south-dakota,14,Arthur
arizona,13,Arthur
nevada,13,Arthur
rhode-island,13,Arthur
maine,12,Arthur
new-mexico,8,Arthur
utah,7,Arthur
montana,6,Arthur
vermont,6,Arthur
wyoming,5,Arthur
alaska,5,Arthur
north-dakota,5,Arthur
delaware,4,Arthur
pennsylvania,2,Biden
north-carolina,1,Biden
delaware,1,Biden
new-jersey,1,Biden
colorado,1,Biden
texas,85,Buchanan
california,67,Buchanan
iowa,53,Buchanan
michigan,52,Buchanan
illinois,51,Buchanan
north-carolina,50,Buchanan
pennsylvania,49,Buchanan
tennessee,44,Buchanan
missouri,40,Buchanan
virginia,39,Buchanan
minnesota,36,Buchanan
georgia,35,Buchanan
colorado,32,Buchanan
new-york,30,Buchanan
florida,29,Buchanan
wisconsin,27,Buchanan
indiana,24,Buchanan
new-jersey,23,Buchanan
mississippi,22,Buchanan
oklahoma,21,Buchanan
ohio,19,Buchanan
louisiana,17,Buchanan
kentucky,17,Buchanan
arizona,15,Buchanan
washington,15,Buchanan
south-carolina,15,Buchanan
arkansas,13,Buchanan
oregon,13,Buchanan
alabama,12,Buchanan
maryland,11,Buchanan
kansas,10,Buchanan
idaho,10,Buchanan
massachusetts,9,Buchanan
new-mexico,8,Buchanan
west-virginia,6,Buchanan
nevada,6,Buchanan
south-dakota,5,Buchanan
montana,5,Buchanan
utah,4,Buchanan
nebraska,4,Buchanan
rhode-island,3,Buchanan
district-of-columbia,3,Buchanan
north-dakota,2,Buchanan
new-hampshire,2,Buchanan
maine,2,Buchanan
wyoming,2,Buchanan
vermont,2,Buchanan
connecticut,2,Buchanan
alaska,1,Buchanan
delaware,1,Buchanan
texas,132,Bush
california,132,Bush
new-york,102,Bush
georgia,79,Bush
michigan,77,Bush
florida,73,Bush
south-carolina,68,Bush
north-carolina,64,Bush
pennsylvania,62,Bush
virginia,59,Bush
illinois,45,Bush
maryland,44,Bush
kentucky,43,Bush
tennessee,43,Bush
wisconsin,43,Bush
alabama,43,Bush
ohio,43,Bush
arizona,38,Bush
mississippi,37,Bush
new-jersey,31,Bush
minnesota,31,Bush
indiana,30,Bush
missouri,28,Bush
louisiana,24,Bush
nevada,23,Bush
connecticut,22,Bush
colorado,18,Bush
massachusetts,18,Bush
arkansas,17,Bush
washington,17,Bush
oregon,13,Bush
west-virginia,12,Bush
oklahoma,11,Bush
maine,10,Bush
new-hampshire,10,Bush
rhode-island,10,Bush
new-mexico,10,Bush
alaska,8,Bush
idaho,7,Bush
kansas,7,Bush
iowa,7,Bush
vermont,6,Bush
wyoming,4,Bush
utah,4,Bush
delaware,3,Bush
montana,3,Bush
north-dakota,2,Bush
nebraska,1,Bush
hawaii,1,Bush
georgia,234,Carter
texas,183,Carter
north-carolina,146,Carter
tennessee,143,Carter
missouri,134,Carter
kentucky,123,Carter
virginia,120,Carter
mississippi,120,Carter
florida,110,Carter
louisiana,86,Carter
arkansas,82,Carter
south-carolina,73,Carter
alabama,72,Carter
california,72,Carter
illinois,68,Carter
ohio,58,Carter
massachusetts,55,Carter
pennsylvania,54,Carter
michigan,53,Carter
new-york,53,Carter
indiana,44,Carter
iowa,38,Carter
new-jersey,37,Carter
maine,36,Carter
oklahoma,35,Carter
wisconsin,35,Carter
west-virginia,33,Carter
connecticut,29,Carter
maryland,28,Carter
kansas,25,Carter
oregon,25,Carter
arizona,24,Carter
washington,23,Carter
wyoming,18,Carter
minnesota,16,Carter
nevada,15,Carter
colorado,14,Carter
new-hampshire,13,Carter
new-mexico,12,Carter
montana,12,Carter
idaho,12,Carter
utah,11,Carter
delaware,10,Carter
vermont,9,Carter
nebraska,5,Carter
south-dakota,4,Carter
rhode-island,4,Carter
alaska,3,Carter
hawaii,2,Carter
north-dakota,1,Carter
ohio,126,Cleveland
texas,110,Cleveland
illinois,104,Cleveland
new-york,100,Cleveland
california,90,Cleveland
georgia,88,Cleveland
new-jersey,88,Cleveland
indiana,82,Cleveland
pennsylvania,81,Cleveland
michigan,78,Cleveland
florida,78,Cleveland
missouri,77,Cleveland
massachusetts,72,Cleveland
south-carolina,69,Cleveland
wisconsin,68,Cleveland
minnesota,57,Cleveland
north-carolina,55,Cleveland
iowa,54,Cleveland
arkansas,54,Cleveland
kansas,50,Cleveland
alabama,49,Cleveland
oregon,44,Cleveland
mississippi,44,Cleveland
louisiana,38,Cleveland
virginia,37,Cleveland
oklahoma,37,Cleveland
washington,34,Cleveland
tennessee,33,Cleveland
kentucky,28,Cleveland
colorado,27,Cleveland
nebraska,24,Cleveland
west-virginia,24,Cleveland
idaho,22,Cleveland
maryland,21,Cleveland
montana,20,Cleveland
arizona,18,Cleveland
maine,17,Cleveland
connecticut,15,Cleveland
south-dakota,13,Cleveland
new-hampshire,13,Cleveland
wyoming,11,Cleveland
rhode-island,10,Cleveland
delaware,9,Cleveland
vermont,9,Cleveland
new-mexico,8,Cleveland
utah,5,Cleveland
nevada,4,Cleveland
north-dakota,2,Cleveland
alaska,2,Cleveland
district-of-columbia,1,Cleveland
new-york,248,Clinton
illinois,152,Clinton
michigan,140,Clinton
new-jersey,124,Clinton
ohio,101,Clinton
pennsylvania,94,Clinton
california,90,Clinton
massachusetts,65,Clinton
indiana,63,Clinton
missouri,63,Clinton
texas,63,Clinton
north-carolina,53,Clinton
florida,52,Clinton
iowa,52,Clinton
georgia,44,Clinton
mississippi,41,Clinton
kentucky,37,Clinton
louisiana,35,Clinton
connecticut,33,Clinton
arkansas,30,Clinton
virginia,30,Clinton
wisconsin,30,Clinton
alabama,28,Clinton
south-carolina,27,Clinton
tennessee,25,Clinton
kansas,19,Clinton
maryland,19,Clinton
west-virginia,18,Clinton
washington,17,Clinton
minnesota,17,Clinton
arizona,15,Clinton
colorado,14,Clinton
new-hampshire,14,Clinton
maine,12,Clinton
rhode-island,12,Clinton
nebraska,9,Clinton
idaho,8,Clinton
oregon,8,Clinton
new-mexico,6,Clinton
montana,5,Clinton
vermont,5,Clinton
utah,4,Clinton
delaware,4,Clinton
alaska,4,Clinton
nevada,2,Clinton
district-of-columbia,1,Clinton
north-dakota,1,Clinton
south-dakota,1,Clinton
oklahoma,1,Clinton
massachusetts,98,Coolidge
michigan,63,Coolidge
new-jersey,63,Coolidge
california,62,Coolidge
new-york,50,Coolidge
pennsylvania,41,Coolidge
florida,36,Coolidge
illinois,33,Coolidge
texas,33,Coolidge
wisconsin,30,Coolidge
arizona,25,Coolidge
connecticut,21,Coolidge
colorado,19,Coolidge
new-hampshire,17,Coolidge
vermont,15,Coolidge
maine,14,Coolidge
ohio,14,Coolidge
iowa,12,Coolidge
north-carolina,11,Coolidge
minnesota,10,Coolidge
louisiana,10,Coolidge
georgia,9,Coolidge
indiana,8,Coolidge
oregon,8,Coolidge
tennessee,8,Coolidge
maryland,8,Coolidge
washington,7,Coolidge
kansas,7,Coolidge
virginia,7,Coolidge
oklahoma,7,Coolidge
mississippi,5,Coolidge
missouri,5,Coolidge
arkansas,5,Coolidge
west-virginia,4,Coolidge
kentucky,4,Coolidge
wyoming,4,Coolidge
nevada,3,Coolidge
south-dakota,3,Coolidge
rhode-island,3,Coolidge
south-carolina,3,Coolidge
montana,2,Coolidge
alabama,2,Coolidge
utah,2,Coolidge
alaska,2,Coolidge
hawaii,1,Coolidge
delaware,1,Coolidge
nebraska,1,Coolidge
idaho,1,Coolidge
north-dakota,1,Coolidge
kansas,55,Eisenhower
pennsylvania,51,Eisenhower
texas,48,Eisenhower
illinois,45,Eisenhower
california,40,Eisenhower
new-jersey,37,Eisenhower
florida,27,Eisenhower
indiana,24,Eisenhower
wisconsin,24,Eisenhower
massachusetts,24,Eisenhower
new-york,23,Eisenhower
missouri,19,Eisenhower
ohio,18,Eisenhower
michigan,18,Eisenhower
iowa,18,Eisenhower
virginia,14,Eisenhower
georgia,14,Eisenhower
louisiana,13,Eisenhower
north-carolina,13,Eisenhower
west-virginia,12,Eisenhower
colorado,11,Eisenhower
maryland,10,Eisenhower
tennessee,9,Eisenhower
rhode-island,7,Eisenhower
washington,7,Eisenhower
idaho,6,Eisenhower
oklahoma,6,Eisenhower
mississippi,5,Eisenhower
new-mexico,5,Eisenhower
alabama,5,Eisenhower
south-carolina,5,Eisenhower
nebraska,5,Eisenhower
minnesota,5,Eisenhower
south-dakota,5,Eisenhower
wyoming,4,Eisenhower
arkansas,4,Eisenhower
utah,4,Eisenhower
arizona,3,Eisenhower
new-hampshire,3,Eisenhower
nevada,3,Eisenhower
maine,3,Eisenhower
montana,3,Eisenhower
connecticut,2,Eisenhower
oregon,2,Eisenhower
delaware,1,Eisenhower
district-of-columbia,1,Eisenhower
kentucky,1,Eisenhower
alaska,1,Eisenhower
california,51,Fillmore
minnesota,49,Fillmore
iowa,47,Fillmore
illinois,43,Fillmore
new-york,35,Fillmore
texas,32,Fillmore
florida,30,Fillmore
colorado,29,Fillmore
indiana,26,Fillmore
michigan,24,Fillmore
wisconsin,22,Fillmore
nebraska,20,Fillmore
missouri,18,Fillmore
virginia,18,Fillmore
pennsylvania,17,Fillmore
arizona,15,Fillmore
new-jersey,15,Fillmore
ohio,13,Fillmore
oklahoma,13,Fillmore
north-carolina,11,Fillmore
massachusetts,11,Fillmore
washington,10,Fillmore
oregon,10,Fillmore
idaho,8,Fillmore
arkansas,8,Fillmore
maryland,7,Fillmore
mississippi,6,Fillmore
utah,6,Fillmore
kansas,5,Fillmore
kentucky,4,Fillmore
south-carolina,4,Fillmore
rhode-island,4,Fillmore
georgia,4,Fillmore
louisiana,4,Fillmore
new-hampshire,3,Fillmore
alabama,3,Fillmore
south-dakota,3,Fillmore
maine,3,Fillmore
new-mexico,3,Fillmore
connecticut,2,Fillmore
nevada,2,Fillmore
wyoming,2,Fillmore
north-dakota,2,Fillmore
west-virginia,1,Fillmore
vermont,1,Fillmore
tennessee,1,Fillmore
delaware,1,Fillmore
north-carolina,231,Ford
virginia,218,Ford
tennessee,177,Ford
georgia,176,Ford
kentucky,163,Ford
texas,160,Ford
south-carolina,128,Ford
missouri,117,Ford
michigan,100,Ford
arkansas,96,Ford
mississippi,86,Ford
california,85,Ford
pennsylvania,84,Ford
alabama,82,Ford
florida,81,Ford
ohio,79,Ford
illinois,79,Ford
new-york,79,Ford
louisiana,69,Ford
indiana,68,Ford
maryland,52,Ford
west-virginia,46,Ford
massachusetts,43,Ford
new-jersey,38,Ford
iowa,32,Ford
kansas,31,Ford
washington,30,Ford
oregon,29,Ford
colorado,29,Ford
connecticut,23,Ford
wisconsin,21,Ford
oklahoma,20,Ford
minnesota,17,Ford
arizona,16,Ford
idaho,15,Ford
utah,13,Ford
south-dakota,12,Ford
montana,11,Ford
nevada,11,Ford
new-hampshire,11,Ford
new-mexico,9,Ford
maine,9,Ford
nebraska,7,Ford
vermont,6,Ford
delaware,6,Ford
wyoming,5,Ford
rhode-island,4,Ford
alaska,3,Ford
district-of-columbia,2,Ford
hawaii,2,Ford
michigan,143,Garfield
illinois,140,Garfield
ohio,138,Garfield
pennsylvania,125,Garfield
california,108,Garfield
new-jersey,96,Garfield
new-york,94,Garfield
iowa,90,Garfield
kansas,83,Garfield
wisconsin,80,Garfield
indiana,76,Garfield
massachusetts,71,Garfield
minnesota,66,Garfield
texas,64,Garfield
colorado,58,Garfield
washington,56,Garfield
missouri,51,Garfield
florida,47,Garfield
nebraska,45,Garfield
oregon,29,Garfield
oklahoma,28,Garfield
idaho,26,Garfield
virginia,26,Garfield
west-virginia,23,Garfield
tennessee,23,Garfield
north-carolina,22,Garfield
arkansas,21,Garfield
south-dakota,21,Garfield
montana,19,Garfield
connecticut,18,Garfield
louisiana,17,Garfield
maryland,16,Garfield
kentucky,15,Garfield
mississippi,15,Garfield
maine,14,Garfield
georgia,14,Garfield
north-dakota,13,Garfield
arizona,11,Garfield
rhode-island,10,Garfield
new-mexico,9,Garfield
delaware,8,Garfield
new-hampshire,8,Garfield
alabama,7,Garfield
wyoming,6,Garfield
vermont,6,Garfield
nevada,5,Garfield
south-carolina,4,Garfield
district-of-columbia,3,Garfield
alaska,2,Garfield
utah,2,Garfield
pennsylvania,311,Grant
arkansas,310,Grant
illinois,280,Grant
california,207,Grant
ohio,194,Grant
new-york,186,Grant
michigan,182,Grant
texas,173,Grant
new-jersey,173,Grant
kansas,166,Grant
indiana,161,Grant
iowa,149,Grant
north-carolina,144,Grant
wisconsin,140,Grant
missouri,137,Grant
georgia,130,Grant
florida,129,Grant
massachusetts,111,Grant
south-carolina,103,Grant
minnesota,95,Grant
virginia,93,Grant
washington,86,Grant
colorado,85,Grant
oklahoma,77,Grant
nebraska,76,Grant
oregon,72,Grant
kentucky,70,Grant
alabama,60,Grant
tennessee,58,Grant
west-virginia,51,Grant
maine,50,Grant
maryland,47,Grant
mississippi,47,Grant
connecticut,43,Grant
arizona,41,Grant
louisiana,39,Grant
south-dakota,38,Grant
montana,26,Grant
rhode-island,24,Grant
new-hampshire,23,Grant
idaho,20,Grant
nevada,19,Grant
new-mexico,19,Grant
delaware,18,Grant
utah,17,Grant
wyoming,17,Grant
north-dakota,16,Grant
vermont,13,Grant
alaska,13,Grant
district-of-columbia,4,Grant
hawaii,1,Grant
new-jersey,103,Harding
california,94,Harding
pennsylvania,83,Harding
new-york,78,Harding
ohio,72,Harding
illinois,69,Harding
massachusetts,68,Harding
texas,56,Harding
michigan,56,Harding
tennessee,41,Harding
wisconsin,39,Harding
north-carolina,37,Harding
florida,35,Harding
indiana,33,Harding
iowa,30,Harding
maine,23,Harding
virginia,23,Harding
connecticut,22,Harding
arkansas,20,Harding
alabama,20,Harding
louisiana,18,Harding
missouri,17,Harding
washington,15,Harding
kentucky,15,Harding
oregon,14,Harding
colorado,14,Harding
maryland,13,Harding
oklahoma,13,Harding
minnesota,12,Harding
georgia,11,Harding
arizona,11,Harding
kansas,10,Harding
west-virginia,10,Harding
rhode-island,9,Harding
mississippi,9,Harding
idaho,9,Harding
new-mexico,8,Harding
south-carolina,7,Harding
new-hampshire,6,Harding
south-dakota,5,Harding
alaska,4,Harding
wyoming,3,Harding
nevada,3,Harding
montana,3,Harding
utah,3,Harding
delaware,3,Harding
nebraska,2,Harding
north-dakota,2,Harding
hawaii,1,Harding
vermont,1,Harding
indiana,301,Harrison
illinois,223,Harrison
ohio,183,Harrison
texas,176,Harrison
pennsylvania,167,Harrison
new-york,153,Harrison
new-jersey,139,Harrison
michigan,137,Harrison
iowa,127,Harrison
california,126,Harrison
missouri,117,Harrison
north-carolina,109,Harrison
georgia,105,Harrison
wisconsin,99,Harrison
tennessee,97,Harrison
florida,90,Harrison
massachusetts,90,Harrison
virginia,83,Harrison
washington,78,Harrison
kentucky,70,Harrison
oklahoma,67,Harrison
mississippi,66,Harrison
arkansas,65,Harrison
louisiana,63,Harrison
alabama,62,Harrison
south-carolina,62,Harrison
colorado,56,Harrison
oregon,53,Harrison
minnesota,49,Harrison
kansas,46,Harrison
maryland,43,Harrison
arizona,37,Harrison
nebraska,35,Harrison
connecticut,33,Harrison
west-virginia,33,Harrison
maine,29,Harrison
montana,28,Harrison
idaho,26,Harrison
south-dakota,18,Harrison
rhode-island,16,Harrison
nevada,14,Harrison
utah,13,Harrison
new-mexico,13,Harrison
vermont,12,Harrison
delaware,12,Harrison
new-hampshire,9,Harrison
north-dakota,7,Harrison
wyoming,7,Harrison
alaska,4,Harrison
district-of-columbia,2,Harrison
north-carolina,114,Hayes
tennessee,90,Hayes
california,88,Hayes
new-york,87,Hayes
texas,85,Hayes
michigan,75,Hayes
georgia,67,Hayes
ohio,60,Hayes
florida,52,Hayes
kentucky,51,Hayes
pennsylvania,49,Hayes
iowa,47,Hayes
illinois,47,Hayes
alabama,44,Hayes
louisiana,43,Hayes
south-carolina,43,Hayes
mississippi,42,Hayes
massachusetts,41,Hayes
arkansas,35,Hayes
indiana,34,Hayes
new-jersey,33,Hayes
oklahoma,29,Hayes
wisconsin,28,Hayes
minnesota,28,Hayes
virginia,26,Hayes
missouri,25,Hayes
kansas,23,Hayes
connecticut,22,Hayes
oregon,21,Hayes
washington,21,Hayes
new-hampshire,19,Hayes
idaho,18,Hayes
nebraska,15,Hayes
arizona,14,Hayes
west-virginia,14,Hayes
colorado,12,Hayes
maryland,11,Hayes
utah,10,Hayes
maine,9,Hayes
vermont,9,Hayes
montana,7,Hayes
alaska,7,Hayes
rhode-island,6,Hayes
wyoming,6,Hayes
south-dakota,5,Hayes
nevada,5,Hayes
delaware,5,Hayes
new-mexico,3,Hayes
district-of-columbia,1,Hayes
pennsylvania,95,Hoover
california,72,Hoover
ohio,62,Hoover
north-carolina,52,Hoover
texas,47,Hoover
new-york,35,Hoover
michigan,35,Hoover
kentucky,34,Hoover
louisiana,32,Hoover
iowa,31,Hoover
new-jersey,30,Hoover
illinois,29,Hoover
indiana,29,Hoover
wisconsin,29,Hoover
florida,28,Hoover
kansas,27,Hoover
tennessee,23,Hoover
massachusetts,21,Hoover
colorado,18,Hoover
virginia,17,Hoover
south-carolina,17,Hoover
missouri,16,Hoover
mississippi,14,Hoover
arkansas,14,Hoover
arizona,14,Hoover
minnesota,13,Hoover
west-virginia,12,Hoover
alabama,11,Hoover
oklahoma,10,Hoover
idaho,9,Hoover
georgia,9,Hoover
oregon,9,Hoover
maryland,8,Hoover
connecticut,8,Hoover
montana,7,Hoover
rhode-island,6,Hoover
maine,5,Hoover
new-hampshire,4,Hoover
new-mexico,4,Hoover
nevada,4,Hoover
nebraska,4,Hoover
south-dakota,4,Hoover
alaska,3,Hoover
vermont,3,Hoover
utah,3,Hoover
washington,3,Hoover
north-dakota,3,Hoover
wyoming,2,Hoover
delaware,2,Hoover
district-of-columbia,1,Hoover
arkansas,524,Jackson
texas,456,Jackson
illinois,408,Jackson
georgia,380,Jackson
alabama,323,Jackson
indiana,312,Jackson
tennessee,303,Jackson
north-carolina,275,Jackson
florida,265,Jackson
pennsylvania,264,Jackson
ohio,256,Jackson
california,234,Jackson
mississippi,234,Jackson
missouri,229,Jackson
new-york,229,Jackson
virginia,218,Jackson
kentucky,199,Jackson
michigan,195,Jackson
louisiana,180,Jackson
iowa,172,Jackson
south-carolina,171,Jackson
wisconsin,164,Jackson
new-jersey,143,Jackson
oklahoma,122,Jackson
minnesota,107,Jackson
massachusetts,105,Jackson
kansas,102,Jackson
washington,100,Jackson
colorado,92,Jackson
west-virginia,92,Jackson
oregon,75,Jackson
nebraska,59,Jackson
maryland,57,Jackson
connecticut,45,Jackson
maine,42,Jackson
arizona,41,Jackson
south-dakota,39,Jackson
idaho,35,Jackson
new-hampshire,33,Jackson
new-mexico,31,Jackson
montana,31,Jackson
utah,27,Jackson
wyoming,25,Jackson
vermont,25,Jackson
nevada,21,Jackson
delaware,18,Jackson
north-dakota,12,Jackson
rhode-island,12,Jackson
alaska,11,Jackson
hawaii,1,Jackson
district-of-columbia,1,Jackson
illinois,496,Jefferson
indiana,372,Jefferson
pennsylvania,331,Jefferson
missouri,299,Jefferson
ohio,281,Jefferson
texas,257,Jefferson
new-york,229,Jefferson
iowa,218,Jefferson
michigan,204,Jefferson
georgia,201,Jefferson
virginia,195,Jefferson
florida,191,Jefferson
new-jersey,182,Jefferson
california,178,Jefferson
wisconsin,172,Jefferson
north-carolina,137,Jefferson
minnesota,136,Jefferson
louisiana,132,Jefferson
mississippi,120,Jefferson
kansas,117,Jefferson
oklahoma,110,Jefferson
kentucky,104,Jefferson
tennessee,102,Jefferson
arkansas,99,Jefferson
washington,99,Jefferson
oregon,93,Jefferson
alabama,92,Jefferson
west-virginia,91,Jefferson
massachusetts,91,Jefferson
nebraska,72,Jefferson
south-carolina,71,Jefferson
colorado,62,Jefferson
maryland,55,Jefferson
montana,53,Jefferson
connecticut,40,Jefferson
arizona,37,Jefferson
idaho,34,Jefferson
new-mexico,32,Jefferson
south-dakota,31,Jefferson
new-hampshire,28,Jefferson
delaware,26,Jefferson
wyoming,24,Jefferson
maine,20,Jefferson
utah,20,Jefferson
rhode-island,15,Jefferson
north-dakota,14,Jefferson
nevada,13,Jefferson
alaska,9,Jefferson
vermont,9,Jefferson
district-of-columbia,5,Jefferson
hawaii,1,Jefferson
georgia,408,Johnson
north-carolina,406,Johnson
texas,402,Johnson
tennessee,326,Johnson
kentucky,310,Johnson
mississippi,276,Johnson
louisiana,260,Johnson
alabama,255,Johnson
wisconsin,246,Johnson
new-york,217,Johnson
illinois,201,Johnson
south-carolina,199,Johnson
michigan,197,Johnson
california,195,Johnson
pennsylvania,194,Johnson
florida,190,Johnson
arkansas,174,Johnson
virginia,157,Johnson
ohio,150,Johnson
minnesota,137,Johnson
missouri,136,Johnson
indiana,126,Johnson
washington,119,Johnson
massachusetts,113,Johnson
new-jersey,107,Johnson
iowa,84,Johnson
oklahoma,81,Johnson
colorado,77,Johnson
oregon,71,Johnson
maryland,67,Johnson
west-virginia,67,Johnson
maine,66,Johnson
connecticut,58,Johnson
arizona,52,Johnson
idaho,49,Johnson
montana,48,Johnson
vermont,47,Johnson
kansas,46,Johnson
nebraska,40,Johnson
new-hampshire,37,Johnson
new-mexico,31,Johnson
wyoming,25,Johnson
utah,23,Johnson
south-dakota,22,Johnson
delaware,18,Johnson
rhode-island,18,Johnson
alaska,17,Johnson
nevada,11,Johnson
north-dakota,7,Johnson
hawaii,3,Johnson
district-of-columbia,1,Johnson
pennsylvania,147,Kennedy
texas,131,Kennedy
illinois,123,Kennedy
georgia,104,Kennedy
north-carolina,104,Kennedy
california,100,Kennedy
new-jersey,95,Kennedy
new-york,92,Kennedy
florida,82,Kennedy
wisconsin,81,Kennedy
mississippi,71,Kennedy
tennessee,67,Kennedy
ohio,65,Kennedy
south-carolina,63,Kennedy
louisiana,62,Kennedy
massachusetts,61,Kennedy
kentucky,60,Kennedy
alabama,58,Kennedy
virginia,57,Kennedy
michigan,53,Kennedy
indiana,48,Kennedy
missouri,44,Kennedy
iowa,41,Kennedy
arkansas,36,Kennedy
minnesota,31,Kennedy
washington,26,Kennedy
maine,25,Kennedy
oklahoma,25,Kennedy
west-virginia,23,Kennedy
kansas,23,Kennedy
connecticut,22,Kennedy
nebraska,22,Kennedy
colorado,20,Kennedy
new-hampshire,20,Kennedy
arizona,19,Kennedy
maryland,16,Kennedy
oregon,14,Kennedy
idaho,14,Kennedy
montana,14,Kennedy
rhode-island,13,Kennedy
new-mexico,12,Kennedy
nevada,11,Kennedy
south-dakota,11,Kennedy
vermont,9,Kennedy
north-dakota,9,Kennedy
utah,9,Kennedy
wyoming,7,Kennedy
alaska,4,Kennedy
delaware,4,Kennedy
district-of-columbia,3,Kennedy
illinois,730,Lincoln
pennsylvania,476,Lincoln
michigan,364,Lincoln
new-york,361,Lincoln
ohio,337,Lincoln
california,332,Lincoln
new-jersey,309,Lincoln
indiana,297,Lincoln
wisconsin,265,Lincoln
iowa,254,Lincoln
massachusetts,248,Lincoln
texas,242,Lincoln
kansas,238,Lincoln
missouri,190,Lincoln
minnesota,189,Lincoln
florida,177,Lincoln
washington,151,Lincoln
nebraska,144,Lincoln
colorado,117,Lincoln
kentucky,113,Lincoln
north-carolina,112,Lincoln
oklahoma,112,Lincoln
georgia,106,Lincoln
arkansas,90,Lincoln
tennessee,89,Lincoln
oregon,87,Lincoln
west-virginia,84,Lincoln
virginia,83,Lincoln
maine,80,Lincoln
alabama,76,Lincoln
connecticut,75,Lincoln
south-dakota,72,Lincoln
louisiana,70,Lincoln
south-carolina,68,Lincoln
maryland,60,Lincoln
idaho,60,Lincoln
mississippi,57,Lincoln
arizona,57,Lincoln
new-hampshire,53,Lincoln
montana,48,Lincoln
wyoming,45,Lincoln
nevada,40,Lincoln
new-mexico,39,Lincoln
north-dakota,38,Lincoln
rhode-island,33,Lincoln
utah,30,Lincoln
vermont,30,Lincoln
delaware,17,Lincoln
alaska,13,Lincoln
district-of-columbia,6,Lincoln
hawaii,1,Lincoln
arkansas,441,Madison
illinois,380,Madison
missouri,295,Madison
texas,223,Madison
pennsylvania,215,Madison
georgia,215,Madison
wisconsin,209,Madison
ohio,206,Madison
new-jersey,205,Madison
indiana,199,Madison
new-york,199,Madison
virginia,194,Madison
california,186,Madison
iowa,176,Madison
florida,166,Madison
michigan,152,Madison
north-carolina,149,Madison
alabama,111,Madison
kansas,106,Madison
kentucky,100,Madison
oklahoma,99,Madison
massachusetts,98,Madison
mississippi,85,Madison
tennessee,84,Madison
washington,82,Madison
minnesota,70,Madison
louisiana,65,Madison
nebraska,64,Madison
south-carolina,60,Madison
colorado,56,Madison
oregon,55,Madison
west-virginia,55,Madison
montana,47,Madison
maryland,46,Madison
arizona,43,Madison
connecticut,37,Madison
new-hampshire,33,Madison
maine,33,Madison
south-dakota,27,Madison
idaho,26,Madison
utah,22,Madison
nevada,20,Madison
wyoming,19,Madison
delaware,18,Madison
new-mexico,17,Madison
north-dakota,15,Madison
rhode-island,13,Madison
vermont,12,Madison
alaska,8,Madison
district-of-columbia,4,Madison
ohio,97,McKinley
california,96,McKinley
illinois,94,McKinley
michigan,88,McKinley
pennsylvania,87,McKinley
new-york,76,McKinley
new-jersey,70,McKinley
texas,66,McKinley
wisconsin,58,McKinley
iowa,56,McKinley
minnesota,53,McKinley
indiana,47,McKinley
washington,45,McKinley
oklahoma,41,McKinley
georgia,38,McKinley
missouri,37,McKinley
massachusetts,35,McKinley
north-carolina,34,McKinley
florida,30,McKinley
oregon,29,McKinley
kentucky,24,McKinley
virginia,21,McKinley
alabama,18,McKinley
west-virginia,18,McKinley
south-carolina,17,McKinley
idaho,17,McKinley
colorado,16,McKinley
louisiana,16,McKinley
arizona,16,McKinley
kansas,15,McKinley
arkansas,15,McKinley
mississippi,14,McKinley
alaska,13,McKinley
connecticut,13,McKinley
tennessee,12,McKinley
new-mexico,12,McKinley
new-hampshire,11,McKinley
maine,11,McKinley
nebraska,11,McKinley
maryland,9,McKinley
nevada,8,McKinley
wyoming,8,McKinley
utah,7,McKinley
south-dakota,7,McKinley
montana,6,McKinley
vermont,5,McKinley
rhode-island,4,McKinley
delaware,4,McKinley
north-dakota,3,McKinley
district-of-columbia,2,McKinley
hawaii,1,McKinley
illinois,292,Monroe
michigan,176,Monroe
indiana,173,Monroe
ohio,168,Monroe
missouri,166,Monroe
pennsylvania,154,Monroe
new-york,138,Monroe
texas,138,Monroe
iowa,134,Monroe
florida,130,Monroe
california,130,Monroe
new-jersey,129,Monroe
wisconsin,122,Monroe
north-carolina,119,Monroe
virginia,115,Monroe
georgia,95,Monroe
mississippi,84,Monroe
alabama,81,Monroe
oklahoma,76,Monroe
kansas,74,Monroe
louisiana,73,Monroe
arkansas,67,Monroe
tennessee,61,Monroe
minnesota,61,Monroe
washington,59,Monroe
kentucky,57,Monroe
colorado,56,Monroe
massachusetts,51,Monroe
south-carolina,47,Monroe
nebraska,43,Monroe
west-virginia,42,Monroe
oregon,38,Monroe
maryland,36,Monroe
connecticut,29,Monroe
idaho,26,Monroe
arizona,26,Monroe
montana,24,Monroe
new-mexico,21,Monroe
wyoming,18,Monroe
maine,17,Monroe
nevada,17,Monroe
new-hampshire,16,Monroe
utah,15,Monroe
south-dakota,15,Monroe
delaware,11,Monroe
vermont,8,Monroe
rhode-island,8,Monroe
alaska,5,Monroe
north-dakota,4,Monroe
district-of-columbia,2,Monroe
texas,38,Nixon
north-carolina,32,Nixon
alabama,26,Nixon
florida,23,Nixon
ohio,21,Nixon
tennessee,19,Nixon
michigan,19,Nixon
georgia,19,Nixon
pennsylvania,17,Nixon
washington,16,Nixon
california,14,Nixon
arkansas,14,Nixon
mississippi,14,Nixon
new-york,14,Nixon
new-jersey,12,Nixon
iowa,11,Nixon
virginia,11,Nixon
south-carolina,11,Nixon
missouri,9,Nixon
massachusetts,9,Nixon
louisiana,9,Nixon
wisconsin,8,Nixon
indiana,8,Nixon
minnesota,7,Nixon
illinois,7,Nixon
west-virginia,6,Nixon
idaho,6,Nixon
nevada,5,Nixon
oregon,5,Nixon
oklahoma,5,Nixon
montana,4,Nixon
new-hampshire,3,Nixon
colorado,3,Nixon
kentucky,3,Nixon
kansas,3,Nixon
utah,2,Nixon
delaware,1,Nixon
maine,1,Nixon
rhode-island,1,Nixon
new-mexico,1,Nixon
maryland,1,Nixon
connecticut,1,Nixon
south-dakota,1,Nixon
nebraska,1,Nixon
california,3,Obama
florida,2,Obama
georgia,2,Obama
maryland,1,Obama
illinois,1,Obama
alabama,1,Obama
texas,98,Pierce
california,91,Pierce
georgia,84,Pierce
massachusetts,83,Pierce
michigan,79,Pierce
wisconsin,68,Pierce
north-carolina,65,Pierce
illinois,61,Pierce
pennsylvania,61,Pierce
florida,60,Pierce
tennessee,57,Pierce
new-york,53,Pierce
mississippi,51,Pierce
louisiana,50,Pierce
ohio,49,Pierce
alabama,45,Pierce
indiana,45,Pierce
washington,37,Pierce
virginia,34,Pierce
maine,32,Pierce
new-hampshire,32,Pierce
arkansas,32,Pierce
minnesota,31,Pierce
new-jersey,31,Pierce
kentucky,31,Pierce
missouri,30,Pierce
nebraska,28,Pierce
colorado,27,Pierce
iowa,27,Pierce
idaho,26,Pierce
oregon,26,Pierce
oklahoma,23,Pierce
connecticut,20,Pierce
south-carolina,19,Pierce
arizona,17,Pierce
vermont,17,Pierce
rhode-island,16,Pierce
west-virginia,13,Pierce
kansas,12,Pierce
maryland,11,Pierce
south-dakota,10,Pierce
wyoming,10,Pierce
montana,9,Pierce
utah,8,Pierce
delaware,5,Pierce
new-mexico,5,Pierce
north-dakota,5,Pierce
district-of-columbia,3,Pierce
alaska,1,Pierce
nevada,1,Pierce
hawaii,1,Pierce
arkansas,434,Polk
texas,99,Polk
california,73,Polk
florida,64,Polk
indiana,62,Polk
illinois,57,Polk
iowa,57,Polk
wisconsin,55,Polk
tennessee,55,Polk
louisiana,51,Polk
oklahoma,46,Polk
minnesota,42,Polk
michigan,38,Polk
pennsylvania,37,Polk
mississippi,37,Polk
north-carolina,35,Polk
missouri,34,Polk
georgia,28,Polk
colorado,21,Polk
new-jersey,21,Polk
virginia,21,Polk
oregon,20,Polk
alabama,19,Polk
new-york,19,Polk
ohio,16,Polk
nebraska,16,Polk
kentucky,15,Polk
south-carolina,13,Polk
maryland,13,Polk
washington,12,Polk
kansas,11,Polk
arizona,11,Polk
idaho,10,Polk
west-virginia,9,Polk
massachusetts,7,Polk
new-mexico,5,Polk
rhode-island,5,Polk
delaware,4,Polk
south-dakota,4,Polk
connecticut,4,Polk
utah,4,Polk
wyoming,3,Polk
montana,2,Polk
nevada,2,Polk
district-of-columbia,1,Polk
new-hampshire,1,Polk
maine,1,Polk
north-dakota,1,Polk
texas,86,Reagan
tennessee,44,Reagan
california,25,Reagan
pennsylvania,19,Reagan
georgia,19,Reagan
florida,16,Reagan
north-carolina,16,Reagan
new-york,16,Reagan
illinois,15,Reagan
iowa,11,Reagan
new-jersey,10,Reagan
colorado,9,Reagan
massachusetts,9,Reagan
ohio,9,Reagan
indiana,8,Reagan
wisconsin,8,Reagan
michigan,7,Reagan
kentucky,7,Reagan
mississippi,7,Reagan
missouri,7,Reagan
virginia,7,Reagan
south-carolina,6,Reagan
louisiana,6,Reagan
arkansas,5,Reagan
idaho,5,Reagan
oklahoma,5,Reagan
arizona,4,Reagan
new-hampshire,4,Reagan
oregon,4,Reagan
maine,4,Reagan
nebraska,3,Reagan
alabama,3,Reagan
washington,2,Reagan
nevada,2,Reagan
west-virginia,2,Reagan
kansas,2,Reagan
new-mexico,2,Reagan
minnesota,1,Reagan
montana,1,Reagan
wyoming,1,Reagan
utah,1,Reagan
maryland,1,Reagan
north-dakota,1,Reagan
south-dakota,1,Reagan
new-mexico,360,Roosevelt
new-york,170,Roosevelt
new-jersey,164,Roosevelt
pennsylvania,138,Roosevelt
texas,130,Roosevelt
california,126,Roosevelt
illinois,119,Roosevelt
wisconsin,89,Roosevelt
michigan,84,Roosevelt
indiana,79,Roosevelt
florida,75,Roosevelt
massachusetts,73,Roosevelt
ohio,69,Roosevelt
washington,65,Roosevelt
iowa,61,Roosevelt
minnesota,57,Roosevelt
louisiana,50,Roosevelt
arizona,47,Roosevelt
north-carolina,47,Roosevelt
georgia,44,Roosevelt
arkansas,43,Roosevelt
mississippi,42,Roosevelt
south-carolina,41,Roosevelt
missouri,39,Roosevelt
alabama,37,Roosevelt
virginia,36,Roosevelt
kansas,33,Roosevelt
connecticut,31,Roosevelt
oklahoma,29,Roosevelt
oregon,27,Roosevelt
colorado,26,Roosevelt
south-dakota,25,Roosevelt
kentucky,25,Roosevelt
idaho,24,Roosevelt
maryland,22,Roosevelt
tennessee,20,Roosevelt
montana,18,Roosevelt
north-dakota,18,Roosevelt
west-virginia,17,Roosevelt
rhode-island,14,Roosevelt
maine,12,Roosevelt
wyoming,11,Roosevelt
delaware,10,Roosevelt
nebraska,8,Roosevelt
new-hampshire,8,Roosevelt
alaska,7,Roosevelt
utah,5,Roosevelt
hawaii,4,Roosevelt
vermont,2,Roosevelt
district-of-columbia,2,Roosevelt
nevada,1,Roosevelt
california,81,Taft
massachusetts,65,Taft
new-york,64,Taft
michigan,51,Taft
illinois,47,Taft
ohio,47,Taft
texas,47,Taft
new-jersey,44,Taft
pennsylvania,43,Taft
iowa,31,Taft
wisconsin,31,Taft
florida,30,Taft
indiana,28,Taft
north-carolina,27,Taft
colorado,27,Taft
oklahoma,25,Taft
virginia,25,Taft
connecticut,18,Taft
oregon,18,Taft
washington,17,Taft
kansas,17,Taft
tennessee,16,Taft
louisiana,16,Taft
minnesota,13,Taft
georgia,13,Taft
arkansas,11,Taft
vermont,10,Taft
mississippi,10,Taft
south-dakota,10,Taft
missouri,10,Taft
alabama,9,Taft
south-carolina,9,Taft
rhode-island,9,Taft
nebraska,9,Taft
maryland,6,Taft
west-virginia,6,Taft
kentucky,5,Taft
new-mexico,5,Taft
new-hampshire,5,Taft
idaho,5,Taft
arizona,4,Taft
maine,4,Taft
montana,4,Taft
nevada,4,Taft
wyoming,4,Taft
utah,4,Taft
alaska,3,Taft
delaware,2,Taft
north-dakota,2,Taft
texas,370,Taylor
north-carolina,300,Taylor
georgia,265,Taylor
tennessee,265,Taylor
kentucky,246,Taylor
ohio,217,Taylor
alabama,213,Taylor
pennsylvania,210,Taylor
california,210,Taylor
new-york,192,Taylor
virginia,187,Taylor
florida,185,Taylor
illinois,180,Taylor
louisiana,167,Taylor
mississippi,166,Taylor
south-carolina,145,Taylor
arkansas,142,Taylor
missouri,141,Taylor
michigan,135,Taylor
indiana,112,Taylor
new-jersey,109,Taylor
massachusetts,109,Taylor
wisconsin,106,Taylor
oklahoma,84,Taylor
washington,84,Taylor
iowa,80,Taylor
oregon,68,Taylor
maryland,68,Taylor
west-virginia,66,Taylor
maine,65,Taylor
kansas,64,Taylor
arizona,57,Taylor
colorado,57,Taylor
minnesota,53,Taylor
connecticut,53,Taylor
idaho,46,Taylor
new-hampshire,38,Taylor
nebraska,38,Taylor
new-mexico,36,Taylor
vermont,32,Taylor
montana,30,Taylor
nevada,30,Taylor
utah,24,Taylor
rhode-island,22,Taylor
delaware,17,Taylor
south-dakota,16,Taylor
wyoming,14,Taylor
alaska,7,Taylor
north-dakota,2,Taylor
district-of-columbia,2,Taylor
hawaii,1,Taylor
missouri,68,Truman
texas,59,Truman
california,49,Truman
pennsylvania,40,Truman
michigan,29,Truman
illinois,29,Truman
florida,28,Truman
wisconsin,28,Truman
north-carolina,27,Truman
new-jersey,27,Truman
georgia,23,Truman
indiana,21,Truman
massachusetts,21,Truman
louisiana,19,Truman
virginia,18,Truman
new-york,17,Truman
ohio,17,Truman
south-carolina,17,Truman
alabama,15,Truman
iowa,14,Truman
maryland,12,Truman
arkansas,12,Truman
mississippi,12,Truman
tennessee,12,Truman
kentucky,10,Truman
kansas,10,Truman
washington,9,Truman
colorado,9,Truman
new-mexico,9,Truman
connecticut,8,Truman
idaho,6,Truman
arizona,6,Truman
oregon,6,Truman
oklahoma,6,Truman
maine,6,Truman
west-virginia,6,Truman
minnesota,5,Truman
rhode-island,5,Truman
utah,5,Truman
south-dakota,5,Truman
montana,4,Truman
wyoming,3,Truman
delaware,3,Truman
new-hampshire,3,Truman
nebraska,3,Truman
north-dakota,3,Truman
nevada,2,Truman
vermont,2,Truman
pennsylvania,8,Trump
virginia,5,Trump
ohio,5,Trump
west-virginia,5,Trump
washington,4,Trump
south-carolina,4,Trump
wisconsin,4,Trump
north-carolina,4,Trump
california,3,Trump
florida,3,Trump
kentucky,2,Trump
tennessee,2,Trump
idaho,2,Trump
georgia,2,Trump
colorado,2,Trump
new-york,2,Trump
missouri,2,Trump
indiana,1,Trump
texas,1,Trump
utah,1,Trump
montana,1,Trump
louisiana,1,Trump
maryland,1,Trump
alaska,1,Trump
texas,183,Tyler
california,122,Tyler
virginia,87,Tyler
north-carolina,80,Tyler
georgia,73,Tyler
michigan,71,Tyler
new-york,70,Tyler
pennsylvania,69,Tyler
illinois,69,Tyler
florida,58,Tyler
massachusetts,57,Tyler
alabama,53,Tyler
indiana,52,Tyler
wisconsin,49,Tyler
kentucky,48,Tyler
tennessee,46,Tyler
arkansas,45,Tyler
louisiana,45,Tyler
ohio,43,Tyler
new-jersey,41,Tyler
south-carolina,40,Tyler
missouri,39,Tyler
connecticut,39,Tyler
minnesota,37,Tyler
oklahoma,36,Tyler
mississippi,36,Tyler
west-virginia,34,Tyler
washington,29,Tyler
kansas,29,Tyler
maine,28,Tyler
maryland,27,Tyler
new-hampshire,24,Tyler
iowa,24,Tyler
colorado,23,Tyler
oregon,23,Tyler
nevada,16,Tyler
nebraska,14,Tyler
vermont,14,Tyler
arizona,13,Tyler
idaho,12,Tyler
rhode-island,11,Tyler
new-mexico,10,Tyler
montana,9,Tyler
south-dakota,8,Tyler
wyoming,8,Tyler
north-dakota,6,Tyler
delaware,6,Tyler
utah,4,Tyler
alaska,2,Tyler
illinois,124,Van Buren
new-york,78,Van Buren
michigan,70,Van Buren
indiana,65,Van Buren
california,59,Van Buren
iowa,55,Van Buren
texas,45,Van Buren
wisconsin,39,Van Buren
ohio,39,Van Buren
oklahoma,37,Van Buren
florida,35,Van Buren
minnesota,33,Van Buren
arkansas,33,Van Buren
missouri,33,Van Buren
new-jersey,32,Van Buren
pennsylvania,30,Van Buren
kansas,24,Van Buren
virginia,23,Van Buren
north-carolina,19,Van Buren
oregon,17,Van Buren
maryland,15,Van Buren
arizona,14,Van Buren
mississippi,14,Van Buren
washington,13,Van Buren
louisiana,13,Van Buren
colorado,12,Van Buren
idaho,11,Van Buren
delaware,10,Van Buren
kentucky,10,Van Buren
georgia,10,Van Buren
montana,9,Van Buren
massachusetts,9,Van Buren
new-mexico,9,Van Buren
alabama,9,Van Buren
tennessee,9,Van Buren
utah,7,Van Buren
south-carolina,6,Van Buren
south-dakota,6,Van Buren
nevada,6,Van Buren
maine,5,Van Buren
new-hampshire,5,Van Buren
west-virginia,5,Van Buren
nebraska,5,Van Buren
connecticut,4,Van Buren
wyoming,4,Van Buren
rhode-island,4,Van Buren
north-dakota,2,Van Buren
alaska,2,Van Buren
district-of-columbia,1,Van Buren
illinois,825,Washington
pennsylvania,553,Washington
indiana,552,Washington
ohio,439,Washington
new-york,431,Washington
iowa,408,Washington
texas,401,Washington
michigan,390,Washington
missouri,354,Washington
wisconsin,330,Washington
new-jersey,329,Washington
california,297,Washington
kansas,276,Washington
florida,257,Washington
georgia,240,Washington
washington,237,Washington
massachusetts,223,Washington
north-carolina,191,Washington
virginia,189,Washington
alabama,169,Washington
minnesota,166,Washington
oklahoma,161,Washington
west-virginia,144,Washington
louisiana,142,Washington
arkansas,140,Washington
mississippi,138,Washington
kentucky,131,Washington
tennessee,131,Washington
south-carolina,125,Washington
nebraska,123,Washington
oregon,123,Washington
maryland,120,Washington
connecticut,97,Washington
colorado,93,Washington
idaho,72,Washington
arizona,62,Washington
south-dakota,62,Washington
maine,59,Washington
new-hampshire,53,Washington
montana,51,Washington
new-mexico,42,Washington
delaware,37,Washington
north-dakota,35,Washington
wyoming,32,Washington
rhode-island,29,Washington
utah,29,Washington
vermont,22,Washington
nevada,20,Washington
alaska,9,Washington
district-of-columbia,7,Washington
north-carolina,376,Wilson
texas,352,Wilson
pennsylvania,315,Wilson
kentucky,274,Wilson
georgia,271,Wilson
california,269,Wilson
tennessee,251,Wilson
new-york,246,Wilson
illinois,220,Wilson
ohio,214,Wilson
alabama,204,Wilson
michigan,198,Wilson
south-carolina,181,Wilson
new-jersey,180,Wilson
wisconsin,177,Wilson
florida,174,Wilson
virginia,172,Wilson
mississippi,170,Wilson
louisiana,158,Wilson
arkansas,157,Wilson
massachusetts,139,Wilson
missouri,135,Wilson
indiana,128,Wilson
west-virginia,101,Wilson
iowa,94,Wilson
maryland,90,Wilson
washington,86,Wilson
oklahoma,81,Wilson
oregon,75,Wilson
kansas,70,Wilson
colorado,60,Wilson
minnesota,59,Wilson
maine,57,Wilson
arizona,52,Wilson
connecticut,51,Wilson
new-hampshire,42,Wilson
idaho,41,Wilson
nebraska,39,Wilson
vermont,31,Wilson
delaware,29,Wilson
montana,29,Wilson
south-dakota,26,Wilson
new-mexico,26,Wilson
wyoming,24,Wilson
nevada,23,Wilson
utah,19,Wilson
rhode-island,13,Wilson
alaska,9,Wilson
hawaii,6,Wilson
north-dakota,3,Wilson
district-of-columbia,1,Wilson
